system:index,date,location,rainfall_mm,.geo
20200101,2020-01-01,Quang Tri,10.959515939651821,"{""type"":""MultiPoint"",""coordinates"":[]}"
20200102,2020-01-02,Quang Tri,9.221848609508019,"{""type"":""MultiPoint"",""coordinates"":[]}"
20200103,2020-01-03,Quang Tri,0.0,"{""type"":""MultiPoint"",""coordinates"":[]}"
20200104,2020-01-04,Quang Tri,0.0,"{""type"":""MultiPoint"",""coordinates"":[]}"
20200105,2020-01-05,Quang Tri,0.0,"{""type"":""MultiPoint"",""coordinates"":[]}"
20200106,2020-01-06,Quang Tri,0.0,"{""type"":""MultiPoint"",""coordinates"":[]}"
20200107,2020-01-07,Quang Tri,7.951848648347559,"{""type"":""MultiPoint"",""coordinates"":[]}"
20200108,2020-01-08,Quang Tri,8.141230350551634,"{""type"":""MultiPoint"",""coordinates"":[]}"
20200109,2020-01-09,Quang Tri,0.0,"{""type"":""MultiPoint"",""coordinates"":[]}"
20200110,2020-01-10,Quang Tri,0.0,"{""type"":""MultiPoint"",""coordinates"":[]}"
20200111,2020-01-11,Quang Tri,0.0,"{""type"":""MultiPoint"",""coordinates"":[]}"
20200112,2020-01-12,Quang Tri,11.852279447155038,"{""type"":""MultiPoint"",""coordinates"":[]}"
20200113,2020-01-13,Quang Tri,2.413215305358813,"{""type"":""MultiPoint"",""coordinates"":[]}"
20200114,2020-01-14,Quang Tri,0.0,"{""type"":""MultiPoint"",""coordinates"":[]}"
20200115,2020-01-15,Quang Tri,0.0,"{""type"":""MultiPoint"",""coordinates"":[]}"
20200116,2020-01-16,Quang Tri,2.362448647819752,"{""type"":""MultiPoint"",""coordinates"":[]}"
20200117,2020-01-17,Quang Tri,0.0,"{""type"":""MultiPoint"",""coordinates"":[]}"
20200118,2020-01-18,Quang Tri,0.2103118857387723,"{""type"":""MultiPoint"",""coordinates"":[]}"
20200119,2020-01-19,Quang Tri,3.377957642675972,"{""type"":""MultiPoint"",""coordinates"":[]}"
20200120,2020-01-20,Quang Tri,0.0,"{""type"":""MultiPoint"",""coordinates"":[]}"
20200121,2020-01-21,Quang Tri,0.0,"{""type"":""MultiPoint"",""coordinates"":[]}"
20200122,2020-01-22,Quang Tri,0.0,"{""type"":""MultiPoint"",""coordinates"":[]}"
20200123,2020-01-23,Quang Tri,0.0,"{""type"":""MultiPoint"",""coordinates"":[]}"
20200124,2020-01-24,Quang Tri,0.0,"{""type"":""MultiPoint"",""coordinates"":[]}"
20200125,2020-01-25,Quang Tri,18.64925074815414,"{""type"":""MultiPoint"",""coordinates"":[]}"
20200126,2020-01-26,Quang Tri,0.3121542104082761,"{""type"":""MultiPoint"",""coordinates"":[]}"
20200127,2020-01-27,Quang Tri,1.6553416809807846,"{""type"":""MultiPoint"",""coordinates"":[]}"
20200128,2020-01-28,Quang Tri,5.768727635658535,"{""type"":""MultiPoint"",""coordinates"":[]}"
20200129,2020-01-29,Quang Tri,8.430003318704069,"{""type"":""MultiPoint"",""coordinates"":[]}"
20200130,2020-01-30,Quang Tri,0.0,"{""type"":""MultiPoint"",""coordinates"":[]}"
20200131,2020-01-31,Quang Tri,0.0,"{""type"":""MultiPoint"",""coordinates"":[]}"
20200201,2020-02-01,Quang Tri,5.778739483601517,"{""type"":""MultiPoint"",""coordinates"":[]}"
20200202,2020-02-02,Quang Tri,0.0,"{""type"":""MultiPoint"",""coordinates"":[]}"
20200203,2020-02-03,Quang Tri,0.0,"{""type"":""MultiPoint"",""coordinates"":[]}"
20200204,2020-02-04,Quang Tri,0.0,"{""type"":""MultiPoint"",""coordinates"":[]}"
20200205,2020-02-05,Quang Tri,0.0,"{""type"":""MultiPoint"",""coordinates"":[]}"
20200206,2020-02-06,Quang Tri,0.0,"{""type"":""MultiPoint"",""coordinates"":[]}"
20200207,2020-02-07,Quang Tri,0.0,"{""type"":""MultiPoint"",""coordinates"":[]}"
20200208,2020-02-08,Quang Tri,0.0,"{""type"":""MultiPoint"",""coordinates"":[]}"
20200209,2020-02-09,Quang Tri,8.055528319482399,"{""type"":""MultiPoint"",""coordinates"":[]}"
20200210,2020-02-10,Quang Tri,0.0,"{""type"":""MultiPoint"",""coordinates"":[]}"
20200211,2020-02-11,Quang Tri,0.0,"{""type"":""MultiPoint"",""coordinates"":[]}"
20200212,2020-02-12,Quang Tri,3.2932473109009903,"{""type"":""MultiPoint"",""coordinates"":[]}"
20200213,2020-02-13,Quang Tri,3.645204740402628,"{""type"":""MultiPoint"",""coordinates"":[]}"
20200214,2020-02-14,Quang Tri,0.0,"{""type"":""MultiPoint"",""coordinates"":[]}"
20200215,2020-02-15,Quang Tri,0.0,"{""type"":""MultiPoint"",""coordinates"":[]}"
20200216,2020-02-16,Quang Tri,0.0,"{""type"":""MultiPoint"",""coordinates"":[]}"
20200217,2020-02-17,Quang Tri,1.2881758283615983,"{""type"":""MultiPoint"",""coordinates"":[]}"
20200218,2020-02-18,Quang Tri,0.0,"{""type"":""MultiPoint"",""coordinates"":[]}"
20200219,2020-02-19,Quang Tri,0.0,"{""type"":""MultiPoint"",""coordinates"":[]}"
20200220,2020-02-20,Quang Tri,0.0,"{""type"":""MultiPoint"",""coordinates"":[]}"
20200221,2020-02-21,Quang Tri,5.191746627995017,"{""type"":""MultiPoint"",""coordinates"":[]}"
20200222,2020-02-22,Quang Tri,8.156508924962464,"{""type"":""MultiPoint"",""coordinates"":[]}"
20200223,2020-02-23,Quang Tri,0.0,"{""type"":""MultiPoint"",""coordinates"":[]}"
20200224,2020-02-24,Quang Tri,0.0,"{""type"":""MultiPoint"",""coordinates"":[]}"
20200225,2020-02-25,Quang Tri,0.0,"{""type"":""MultiPoint"",""coordinates"":[]}"
20200226,2020-02-26,Quang Tri,0.0,"{""type"":""MultiPoint"",""coordinates"":[]}"
20200227,2020-02-27,Quang Tri,0.0,"{""type"":""MultiPoint"",""coordinates"":[]}"
20200228,2020-02-28,Quang Tri,0.0,"{""type"":""MultiPoint"",""coordinates"":[]}"
20200229,2020-02-29,Quang Tri,0.0,"{""type"":""MultiPoint"",""coordinates"":[]}"
20200301,2020-03-01,Quang Tri,0.0,"{""type"":""MultiPoint"",""coordinates"":[]}"
20200302,2020-03-02,Quang Tri,0.0,"{""type"":""MultiPoint"",""coordinates"":[]}"
20200303,2020-03-03,Quang Tri,0.0,"{""type"":""MultiPoint"",""coordinates"":[]}"
20200304,2020-03-04,Quang Tri,7.156987873926798,"{""type"":""MultiPoint"",""coordinates"":[]}"
20200305,2020-03-05,Quang Tri,7.067635938283507,"{""type"":""MultiPoint"",""coordinates"":[]}"
20200306,2020-03-06,Quang Tri,7.825143838112894,"{""type"":""MultiPoint"",""coordinates"":[]}"
20200307,2020-03-07,Quang Tri,0.0,"{""type"":""MultiPoint"",""coordinates"":[]}"
20200308,2020-03-08,Quang Tri,0.0,"{""type"":""MultiPoint"",""coordinates"":[]}"
20200309,2020-03-09,Quang Tri,0.0,"{""type"":""MultiPoint"",""coordinates"":[]}"
20200310,2020-03-10,Quang Tri,3.2754595700148266,"{""type"":""MultiPoint"",""coordinates"":[]}"
20200311,2020-03-11,Quang Tri,0.0,"{""type"":""MultiPoint"",""coordinates"":[]}"
20200312,2020-03-12,Quang Tri,0.0,"{""type"":""MultiPoint"",""coordinates"":[]}"
20200313,2020-03-13,Quang Tri,0.0,"{""type"":""MultiPoint"",""coordinates"":[]}"
20200314,2020-03-14,Quang Tri,0.21579544446383675,"{""type"":""MultiPoint"",""coordinates"":[]}"
20200315,2020-03-15,Quang Tri,0.0,"{""type"":""MultiPoint"",""coordinates"":[]}"
20200316,2020-03-16,Quang Tri,0.0,"{""type"":""MultiPoint"",""coordinates"":[]}"
20200317,2020-03-17,Quang Tri,0.0,"{""type"":""MultiPoint"",""coordinates"":[]}"
20200318,2020-03-18,Quang Tri,0.002527966938290298,"{""type"":""MultiPoint"",""coordinates"":[]}"
20200319,2020-03-19,Quang Tri,0.0,"{""type"":""MultiPoint"",""coordinates"":[]}"
20200320,2020-03-20,Quang Tri,0.0,"{""type"":""MultiPoint"",""coordinates"":[]}"
20200321,2020-03-21,Quang Tri,1.9139430299603926,"{""type"":""MultiPoint"",""coordinates"":[]}"
20200322,2020-03-22,Quang Tri,0.0,"{""type"":""MultiPoint"",""coordinates"":[]}"
20200323,2020-03-23,Quang Tri,0.0,"{""type"":""MultiPoint"",""coordinates"":[]}"
20200324,2020-03-24,Quang Tri,0.06255662899195681,"{""type"":""MultiPoint"",""coordinates"":[]}"
20200325,2020-03-25,Quang Tri,0.17168078776877543,"{""type"":""MultiPoint"",""coordinates"":[]}"
20200326,2020-03-26,Quang Tri,0.6327802209331006,"{""type"":""MultiPoint"",""coordinates"":[]}"
20200327,2020-03-27,Quang Tri,0.0,"{""type"":""MultiPoint"",""coordinates"":[]}"
20200328,2020-03-28,Quang Tri,0.0,"{""type"":""MultiPoint"",""coordinates"":[]}"
20200329,2020-03-29,Quang Tri,0.0,"{""type"":""MultiPoint"",""coordinates"":[]}"
20200330,2020-03-30,Quang Tri,0.0,"{""type"":""MultiPoint"",""coordinates"":[]}"
20200331,2020-03-31,Quang Tri,0.0,"{""type"":""MultiPoint"",""coordinates"":[]}"
20200401,2020-04-01,Quang Tri,12.279792254138334,"{""type"":""MultiPoint"",""coordinates"":[]}"
20200402,2020-04-02,Quang Tri,0.24123648288329438,"{""type"":""MultiPoint"",""coordinates"":[]}"
20200403,2020-04-03,Quang Tri,0.4913145009814983,"{""type"":""MultiPoint"",""coordinates"":[]}"
20200404,2020-04-04,Quang Tri,0.0,"{""type"":""MultiPoint"",""coordinates"":[]}"
20200405,2020-04-05,Quang Tri,0.0,"{""type"":""MultiPoint"",""coordinates"":[]}"
20200406,2020-04-06,Quang Tri,0.013295476459476591,"{""type"":""MultiPoint"",""coordinates"":[]}"
20200407,2020-04-07,Quang Tri,0.0,"{""type"":""MultiPoint"",""coordinates"":[]}"
20200408,2020-04-08,Quang Tri,0.003535894022190308,"{""type"":""MultiPoint"",""coordinates"":[]}"
20200409,2020-04-09,Quang Tri,0.1451503618915924,"{""type"":""MultiPoint"",""coordinates"":[]}"
20200410,2020-04-10,Quang Tri,0.15711497594056326,"{""type"":""MultiPoint"",""coordinates"":[]}"
20200411,2020-04-11,Quang Tri,7.406344567048384,"{""type"":""MultiPoint"",""coordinates"":[]}"
20200412,2020-04-12,Quang Tri,2.4550217000963532,"{""type"":""MultiPoint"",""coordinates"":[]}"
20200413,2020-04-13,Quang Tri,0.03480271330726255,"{""type"":""MultiPoint"",""coordinates"":[]}"
20200414,2020-04-14,Quang Tri,0.0,"{""type"":""MultiPoint"",""coordinates"":[]}"
20200415,2020-04-15,Quang Tri,0.0,"{""type"":""MultiPoint"",""coordinates"":[]}"
20200416,2020-04-16,Quang Tri,0.0,"{""type"":""MultiPoint"",""coordinates"":[]}"
20200417,2020-04-17,Quang Tri,11.904027643980173,"{""type"":""MultiPoint"",""coordinates"":[]}"
20200418,2020-04-18,Quang Tri,0.2732309478666539,"{""type"":""MultiPoint"",""coordinates"":[]}"
20200419,2020-04-19,Quang Tri,0.0,"{""type"":""MultiPoint"",""coordinates"":[]}"
20200420,2020-04-20,Quang Tri,0.9678027162822431,"{""type"":""MultiPoint"",""coordinates"":[]}"
20200421,2020-04-21,Quang Tri,16.99085989115987,"{""type"":""MultiPoint"",""coordinates"":[]}"
20200422,2020-04-22,Quang Tri,34.2875337779625,"{""type"":""MultiPoint"",""coordinates"":[]}"
20200423,2020-04-23,Quang Tri,0.23557020591673283,"{""type"":""MultiPoint"",""coordinates"":[]}"
20200424,2020-04-24,Quang Tri,1.839211733524725,"{""type"":""MultiPoint"",""coordinates"":[]}"
20200425,2020-04-25,Quang Tri,0.0,"{""type"":""MultiPoint"",""coordinates"":[]}"
20200426,2020-04-26,Quang Tri,0.0,"{""type"":""MultiPoint"",""coordinates"":[]}"
20200427,2020-04-27,Quang Tri,2.804039173641577,"{""type"":""MultiPoint"",""coordinates"":[]}"
20200428,2020-04-28,Quang Tri,0.0,"{""type"":""MultiPoint"",""coordinates"":[]}"
20200429,2020-04-29,Quang Tri,0.0,"{""type"":""MultiPoint"",""coordinates"":[]}"
20200430,2020-04-30,Quang Tri,0.0,"{""type"":""MultiPoint"",""coordinates"":[]}"
20200501,2020-05-01,Quang Tri,0.0,"{""type"":""MultiPoint"",""coordinates"":[]}"
20200502,2020-05-02,Quang Tri,10.183422099329661,"{""type"":""MultiPoint"",""coordinates"":[]}"
20200503,2020-05-03,Quang Tri,16.165350848578463,"{""type"":""MultiPoint"",""coordinates"":[]}"
20200504,2020-05-04,Quang Tri,1.276278333239273,"{""type"":""MultiPoint"",""coordinates"":[]}"
20200505,2020-05-05,Quang Tri,0.0,"{""type"":""MultiPoint"",""coordinates"":[]}"
20200506,2020-05-06,Quang Tri,22.822584344031927,"{""type"":""MultiPoint"",""coordinates"":[]}"
20200507,2020-05-07,Quang Tri,0.009342951472710427,"{""type"":""MultiPoint"",""coordinates"":[]}"
20200508,2020-05-08,Quang Tri,4.623918166431989,"{""type"":""MultiPoint"",""coordinates"":[]}"
20200509,2020-05-09,Quang Tri,9.080758093443354,"{""type"":""MultiPoint"",""coordinates"":[]}"
20200510,2020-05-10,Quang Tri,4.33092637463547,"{""type"":""MultiPoint"",""coordinates"":[]}"
20200511,2020-05-11,Quang Tri,8.770427855591246,"{""type"":""MultiPoint"",""coordinates"":[]}"
20200512,2020-05-12,Quang Tri,0.008671285567891663,"{""type"":""MultiPoint"",""coordinates"":[]}"
20200513,2020-05-13,Quang Tri,4.173310441822769,"{""type"":""MultiPoint"",""coordinates"":[]}"
20200514,2020-05-14,Quang Tri,0.0,"{""type"":""MultiPoint"",""coordinates"":[]}"
20200515,2020-05-15,Quang Tri,6.456950357592611,"{""type"":""MultiPoint"",""coordinates"":[]}"
20200516,2020-05-16,Quang Tri,0.7229243500568615,"{""type"":""MultiPoint"",""coordinates"":[]}"
20200517,2020-05-17,Quang Tri,39.7932039032608,"{""type"":""MultiPoint"",""coordinates"":[]}"
20200518,2020-05-18,Quang Tri,0.0,"{""type"":""MultiPoint"",""coordinates"":[]}"
20200519,2020-05-19,Quang Tri,0.0,"{""type"":""MultiPoint"",""coordinates"":[]}"
20200520,2020-05-20,Quang Tri,0.0,"{""type"":""MultiPoint"",""coordinates"":[]}"
20200521,2020-05-21,Quang Tri,11.292028549488025,"{""type"":""MultiPoint"",""coordinates"":[]}"
20200522,2020-05-22,Quang Tri,21.38813131558117,"{""type"":""MultiPoint"",""coordinates"":[]}"
20200523,2020-05-23,Quang Tri,23.62040522226765,"{""type"":""MultiPoint"",""coordinates"":[]}"
20200524,2020-05-24,Quang Tri,6.333582984331674,"{""type"":""MultiPoint"",""coordinates"":[]}"
20200525,2020-05-25,Quang Tri,36.090058189532655,"{""type"":""MultiPoint"",""coordinates"":[]}"
20200526,2020-05-26,Quang Tri,0.0,"{""type"":""MultiPoint"",""coordinates"":[]}"
20200527,2020-05-27,Quang Tri,33.35179725316855,"{""type"":""MultiPoint"",""coordinates"":[]}"
20200528,2020-05-28,Quang Tri,29.217985628852073,"{""type"":""MultiPoint"",""coordinates"":[]}"
20200529,2020-05-29,Quang Tri,31.49465962758511,"{""type"":""MultiPoint"",""coordinates"":[]}"
20200530,2020-05-30,Quang Tri,0.0,"{""type"":""MultiPoint"",""coordinates"":[]}"
20200531,2020-05-31,Quang Tri,15.359728212521853,"{""type"":""MultiPoint"",""coordinates"":[]}"
20200601,2020-06-01,Quang Tri,1.8954059029332042,"{""type"":""MultiPoint"",""coordinates"":[]}"
20200602,2020-06-02,Quang Tri,1.4179320483405808,"{""type"":""MultiPoint"",""coordinates"":[]}"
20200603,2020-06-03,Quang Tri,1.3502231722138163,"{""type"":""MultiPoint"",""coordinates"":[]}"
20200604,2020-06-04,Quang Tri,1.1164437035942407,"{""type"":""MultiPoint"",""coordinates"":[]}"
20200605,2020-06-05,Quang Tri,0.775995222992707,"{""type"":""MultiPoint"",""coordinates"":[]}"
20200606,2020-06-06,Quang Tri,0.0011604264438009131,"{""type"":""MultiPoint"",""coordinates"":[]}"
20200607,2020-06-07,Quang Tri,0.0,"{""type"":""MultiPoint"",""coordinates"":[]}"
20200608,2020-06-08,Quang Tri,0.0,"{""type"":""MultiPoint"",""coordinates"":[]}"
20200609,2020-06-09,Quang Tri,0.0,"{""type"":""MultiPoint"",""coordinates"":[]}"
20200610,2020-06-10,Quang Tri,1.6453268499490445,"{""type"":""MultiPoint"",""coordinates"":[]}"
20200611,2020-06-11,Quang Tri,1.789243937597761,"{""type"":""MultiPoint"",""coordinates"":[]}"
20200612,2020-06-12,Quang Tri,1.4313367897523084,"{""type"":""MultiPoint"",""coordinates"":[]}"
20200613,2020-06-13,Quang Tri,1.7785121335928802,"{""type"":""MultiPoint"",""coordinates"":[]}"
20200614,2020-06-14,Quang Tri,1.2879880739376353,"{""type"":""MultiPoint"",""coordinates"":[]}"
20200615,2020-06-15,Quang Tri,5.032846775064114,"{""type"":""MultiPoint"",""coordinates"":[]}"
20200616,2020-06-16,Quang Tri,0.0,"{""type"":""MultiPoint"",""coordinates"":[]}"
20200617,2020-06-17,Quang Tri,0.03122122071298682,"{""type"":""MultiPoint"",""coordinates"":[]}"
20200618,2020-06-18,Quang Tri,0.0,"{""type"":""MultiPoint"",""coordinates"":[]}"
20200619,2020-06-19,Quang Tri,0.0,"{""type"":""MultiPoint"",""coordinates"":[]}"
20200620,2020-06-20,Quang Tri,0.1637618539847895,"{""type"":""MultiPoint"",""coordinates"":[]}"
20200621,2020-06-21,Quang Tri,0.017346980584952595,"{""type"":""MultiPoint"",""coordinates"":[]}"
20200622,2020-06-22,Quang Tri,1.340070310474585,"{""type"":""MultiPoint"",""coordinates"":[]}"
20200623,2020-06-23,Quang Tri,0.1800905004611419,"{""type"":""MultiPoint"",""coordinates"":[]}"
20200624,2020-06-24,Quang Tri,0.0,"{""type"":""MultiPoint"",""coordinates"":[]}"
20200625,2020-06-25,Quang Tri,1.4093284028187174,"{""type"":""MultiPoint"",""coordinates"":[]}"
20200626,2020-06-26,Quang Tri,0.07355749078145397,"{""type"":""MultiPoint"",""coordinates"":[]}"
20200627,2020-06-27,Quang Tri,0.9242935472563641,"{""type"":""MultiPoint"",""coordinates"":[]}"
20200628,2020-06-28,Quang Tri,1.985866269399623,"{""type"":""MultiPoint"",""coordinates"":[]}"
20200629,2020-06-29,Quang Tri,3.058838371106761,"{""type"":""MultiPoint"",""coordinates"":[]}"
20200630,2020-06-30,Quang Tri,0.08568282997446543,"{""type"":""MultiPoint"",""coordinates"":[]}"
20200701,2020-07-01,Quang Tri,0.0,"{""type"":""MultiPoint"",""coordinates"":[]}"
20200702,2020-07-02,Quang Tri,1.1659109242035182,"{""type"":""MultiPoint"",""coordinates"":[]}"
20200703,2020-07-03,Quang Tri,2.288742658449221,"{""type"":""MultiPoint"",""coordinates"":[]}"
20200704,2020-07-04,Quang Tri,0.08060350473185858,"{""type"":""MultiPoint"",""coordinates"":[]}"
20200705,2020-07-05,Quang Tri,0.0,"{""type"":""MultiPoint"",""coordinates"":[]}"
20200706,2020-07-06,Quang Tri,0.2745242361272558,"{""type"":""MultiPoint"",""coordinates"":[]}"
20200707,2020-07-07,Quang Tri,0.0,"{""type"":""MultiPoint"",""coordinates"":[]}"
20200708,2020-07-08,Quang Tri,0.0,"{""type"":""MultiPoint"",""coordinates"":[]}"
20200709,2020-07-09,Quang Tri,0.0,"{""type"":""MultiPoint"",""coordinates"":[]}"
20200710,2020-07-10,Quang Tri,0.0,"{""type"":""MultiPoint"",""coordinates"":[]}"
20200711,2020-07-11,Quang Tri,0.004432897504702121,"{""type"":""MultiPoint"",""coordinates"":[]}"
20200712,2020-07-12,Quang Tri,3.015251451558082,"{""type"":""MultiPoint"",""coordinates"":[]}"
20200713,2020-07-13,Quang Tri,6.226437734569726,"{""type"":""MultiPoint"",""coordinates"":[]}"
20200714,2020-07-14,Quang Tri,0.3385466585486652,"{""type"":""MultiPoint"",""coordinates"":[]}"
20200715,2020-07-15,Quang Tri,4.14889564691373,"{""type"":""MultiPoint"",""coordinates"":[]}"
20200716,2020-07-16,Quang Tri,1.489500998943042,"{""type"":""MultiPoint"",""coordinates"":[]}"
20200717,2020-07-17,Quang Tri,0.7002607688134107,"{""type"":""MultiPoint"",""coordinates"":[]}"
20200718,2020-07-18,Quang Tri,1.1580830390277828,"{""type"":""MultiPoint"",""coordinates"":[]}"
20200719,2020-07-19,Quang Tri,1.8788998895042337,"{""type"":""MultiPoint"",""coordinates"":[]}"
20200720,2020-07-20,Quang Tri,1.1832939599097836,"{""type"":""MultiPoint"",""coordinates"":[]}"
20200721,2020-07-21,Quang Tri,0.009627127202000995,"{""type"":""MultiPoint"",""coordinates"":[]}"
20200722,2020-07-22,Quang Tri,12.80421233814517,"{""type"":""MultiPoint"",""coordinates"":[]}"
20200723,2020-07-23,Quang Tri,0.10425498557463264,"{""type"":""MultiPoint"",""coordinates"":[]}"
20200724,2020-07-24,Quang Tri,0.0,"{""type"":""MultiPoint"",""coordinates"":[]}"
20200725,2020-07-25,Quang Tri,0.11035069567137035,"{""type"":""MultiPoint"",""coordinates"":[]}"
20200726,2020-07-26,Quang Tri,0.7109219377527581,"{""type"":""MultiPoint"",""coordinates"":[]}"
20200727,2020-07-27,Quang Tri,3.8581438557969268,"{""type"":""MultiPoint"",""coordinates"":[]}"
20200728,2020-07-28,Quang Tri,2.1552398243947444,"{""type"":""MultiPoint"",""coordinates"":[]}"
20200729,2020-07-29,Quang Tri,0.0,"{""type"":""MultiPoint"",""coordinates"":[]}"
20200730,2020-07-30,Quang Tri,4.561131762794651,"{""type"":""MultiPoint"",""coordinates"":[]}"
20200731,2020-07-31,Quang Tri,41.29307945505773,"{""type"":""MultiPoint"",""coordinates"":[]}"
20200801,2020-08-01,Quang Tri,50.120193084174105,"{""type"":""MultiPoint"",""coordinates"":[]}"
20200802,2020-08-02,Quang Tri,17.513779792423836,"{""type"":""MultiPoint"",""coordinates"":[]}"
20200803,2020-08-03,Quang Tri,3.392385146821939,"{""type"":""MultiPoint"",""coordinates"":[]}"
20200804,2020-08-04,Quang Tri,0.2731236816198062,"{""type"":""MultiPoint"",""coordinates"":[]}"
20200805,2020-08-05,Quang Tri,7.464732048375233,"{""type"":""MultiPoint"",""coordinates"":[]}"
20200806,2020-08-06,Quang Tri,4.1953895594019075,"{""type"":""MultiPoint"",""coordinates"":[]}"
20200807,2020-08-07,Quang Tri,1.376180596378224,"{""type"":""MultiPoint"",""coordinates"":[]}"
20200808,2020-08-08,Quang Tri,2.381763941488466,"{""type"":""MultiPoint"",""coordinates"":[]}"
20200809,2020-08-09,Quang Tri,0.0,"{""type"":""MultiPoint"",""coordinates"":[]}"
20200810,2020-08-10,Quang Tri,0.0,"{""type"":""MultiPoint"",""coordinates"":[]}"
20200811,2020-08-11,Quang Tri,0.8717534212791477,"{""type"":""MultiPoint"",""coordinates"":[]}"
20200812,2020-08-12,Quang Tri,23.35346259796462,"{""type"":""MultiPoint"",""coordinates"":[]}"
20200813,2020-08-13,Quang Tri,18.600216284315284,"{""type"":""MultiPoint"",""coordinates"":[]}"
20200814,2020-08-14,Quang Tri,21.651598211699948,"{""type"":""MultiPoint"",""coordinates"":[]}"
20200815,2020-08-15,Quang Tri,10.082057962143832,"{""type"":""MultiPoint"",""coordinates"":[]}"
20200816,2020-08-16,Quang Tri,1.3229915799621466,"{""type"":""MultiPoint"",""coordinates"":[]}"
20200817,2020-08-17,Quang Tri,14.589684020268079,"{""type"":""MultiPoint"",""coordinates"":[]}"
20200818,2020-08-18,Quang Tri,6.7273402284907,"{""type"":""MultiPoint"",""coordinates"":[]}"
20200819,2020-08-19,Quang Tri,0.9533566631414757,"{""type"":""MultiPoint"",""coordinates"":[]}"
20200820,2020-08-20,Quang Tri,9.947674271954888,"{""type"":""MultiPoint"",""coordinates"":[]}"
20200821,2020-08-21,Quang Tri,4.165155279731286,"{""type"":""MultiPoint"",""coordinates"":[]}"
20200822,2020-08-22,Quang Tri,11.602363600277632,"{""type"":""MultiPoint"",""coordinates"":[]}"
20200823,2020-08-23,Quang Tri,4.788959159565848,"{""type"":""MultiPoint"",""coordinates"":[]}"
20200824,2020-08-24,Quang Tri,0.0,"{""type"":""MultiPoint"",""coordinates"":[]}"
20200825,2020-08-25,Quang Tri,0.0,"{""type"":""MultiPoint"",""coordinates"":[]}"
20200826,2020-08-26,Quang Tri,8.077168643766855,"{""type"":""MultiPoint"",""coordinates"":[]}"
20200827,2020-08-27,Quang Tri,6.771218948273757,"{""type"":""MultiPoint"",""coordinates"":[]}"
20200828,2020-08-28,Quang Tri,0.0,"{""type"":""MultiPoint"",""coordinates"":[]}"
20200829,2020-08-29,Quang Tri,4.482646777696071,"{""type"":""MultiPoint"",""coordinates"":[]}"
20200830,2020-08-30,Quang Tri,0.4567227466865959,"{""type"":""MultiPoint"",""coordinates"":[]}"
20200831,2020-08-31,Quang Tri,4.2572927551938236,"{""type"":""MultiPoint"",""coordinates"":[]}"
20200901,2020-09-01,Quang Tri,1.3806489244145146,"{""type"":""MultiPoint"",""coordinates"":[]}"
20200902,2020-09-02,Quang Tri,0.008465964766090756,"{""type"":""MultiPoint"",""coordinates"":[]}"
20200903,2020-09-03,Quang Tri,0.0,"{""type"":""MultiPoint"",""coordinates"":[]}"
20200904,2020-09-04,Quang Tri,1.9484953965697898,"{""type"":""MultiPoint"",""coordinates"":[]}"
20200905,2020-09-05,Quang Tri,0.18602747848164494,"{""type"":""MultiPoint"",""coordinates"":[]}"
20200906,2020-09-06,Quang Tri,1.9057084427408864,"{""type"":""MultiPoint"",""coordinates"":[]}"
20200907,2020-09-07,Quang Tri,9.90913764641086,"{""type"":""MultiPoint"",""coordinates"":[]}"
20200908,2020-09-08,Quang Tri,4.372246539949394,"{""type"":""MultiPoint"",""coordinates"":[]}"
20200909,2020-09-09,Quang Tri,6.800817392128518,"{""type"":""MultiPoint"",""coordinates"":[]}"
20200910,2020-09-10,Quang Tri,1.7168435570463398,"{""type"":""MultiPoint"",""coordinates"":[]}"
20200911,2020-09-11,Quang Tri,4.81337109302831,"{""type"":""MultiPoint"",""coordinates"":[]}"
20200912,2020-09-12,Quang Tri,3.0226235620455433,"{""type"":""MultiPoint"",""coordinates"":[]}"
20200913,2020-09-13,Quang Tri,0.0,"{""type"":""MultiPoint"",""coordinates"":[]}"
20200914,2020-09-14,Quang Tri,0.0,"{""type"":""MultiPoint"",""coordinates"":[]}"
20200915,2020-09-15,Quang Tri,0.8782805307410684,"{""type"":""MultiPoint"",""coordinates"":[]}"
20200916,2020-09-16,Quang Tri,6.703606737440751,"{""type"":""MultiPoint"",""coordinates"":[]}"
20200917,2020-09-17,Quang Tri,79.61685775675346,"{""type"":""MultiPoint"",""coordinates"":[]}"
20200918,2020-09-18,Quang Tri,101.24062843456792,"{""type"":""MultiPoint"",""coordinates"":[]}"
20200919,2020-09-19,Quang Tri,18.037154215395226,"{""type"":""MultiPoint"",""coordinates"":[]}"
20200920,2020-09-20,Quang Tri,29.776058522631278,"{""type"":""MultiPoint"",""coordinates"":[]}"
20200921,2020-09-21,Quang Tri,8.629632897512478,"{""type"":""MultiPoint"",""coordinates"":[]}"
20200922,2020-09-22,Quang Tri,1.5240008035317363,"{""type"":""MultiPoint"",""coordinates"":[]}"
20200923,2020-09-23,Quang Tri,0.0,"{""type"":""MultiPoint"",""coordinates"":[]}"
20200924,2020-09-24,Quang Tri,0.5509885220750015,"{""type"":""MultiPoint"",""coordinates"":[]}"
20200925,2020-09-25,Quang Tri,0.032141061212650576,"{""type"":""MultiPoint"",""coordinates"":[]}"
20200926,2020-09-26,Quang Tri,0.022334375143103213,"{""type"":""MultiPoint"",""coordinates"":[]}"
20200927,2020-09-27,Quang Tri,2.1981270576999674,"{""type"":""MultiPoint"",""coordinates"":[]}"
20200928,2020-09-28,Quang Tri,4.583004864995823,"{""type"":""MultiPoint"",""coordinates"":[]}"
20200929,2020-09-29,Quang Tri,11.751863047804518,"{""type"":""MultiPoint"",""coordinates"":[]}"
20200930,2020-09-30,Quang Tri,1.5805511400486667,"{""type"":""MultiPoint"",""coordinates"":[]}"
20201001,2020-10-01,Quang Tri,7.244731877573411,"{""type"":""MultiPoint"",""coordinates"":[]}"
20201002,2020-10-02,Quang Tri,25.493694792338907,"{""type"":""MultiPoint"",""coordinates"":[]}"
20201003,2020-10-03,Quang Tri,31.115288004663412,"{""type"":""MultiPoint"",""coordinates"":[]}"
20201004,2020-10-04,Quang Tri,10.043638999507897,"{""type"":""MultiPoint"",""coordinates"":[]}"
20201005,2020-10-05,Quang Tri,0.0,"{""type"":""MultiPoint"",""coordinates"":[]}"
20201006,2020-10-06,Quang Tri,70.99781701731919,"{""type"":""MultiPoint"",""coordinates"":[]}"
20201007,2020-10-07,Quang Tri,106.05064522727564,"{""type"":""MultiPoint"",""coordinates"":[]}"
20201008,2020-10-08,Quang Tri,97.21522264120294,"{""type"":""MultiPoint"",""coordinates"":[]}"
20201009,2020-10-09,Quang Tri,88.76098347598162,"{""type"":""MultiPoint"",""coordinates"":[]}"
20201010,2020-10-10,Quang Tri,14.818143481999602,"{""type"":""MultiPoint"",""coordinates"":[]}"
20201011,2020-10-11,Quang Tri,77.54951462192159,"{""type"":""MultiPoint"",""coordinates"":[]}"
20201012,2020-10-12,Quang Tri,87.23628779573362,"{""type"":""MultiPoint"",""coordinates"":[]}"
20201013,2020-10-13,Quang Tri,17.917049483908734,"{""type"":""MultiPoint"",""coordinates"":[]}"
20201014,2020-10-14,Quang Tri,11.013861671004044,"{""type"":""MultiPoint"",""coordinates"":[]}"
20201015,2020-10-15,Quang Tri,54.33745661482572,"{""type"":""MultiPoint"",""coordinates"":[]}"
20201016,2020-10-16,Quang Tri,83.53844309217612,"{""type"":""MultiPoint"",""coordinates"":[]}"
20201017,2020-10-17,Quang Tri,83.06335589678916,"{""type"":""MultiPoint"",""coordinates"":[]}"
20201018,2020-10-18,Quang Tri,75.41972169665752,"{""type"":""MultiPoint"",""coordinates"":[]}"
20201019,2020-10-19,Quang Tri,60.643520682462615,"{""type"":""MultiPoint"",""coordinates"":[]}"
20201020,2020-10-20,Quang Tri,52.14112266395425,"{""type"":""MultiPoint"",""coordinates"":[]}"
20201021,2020-10-21,Quang Tri,18.042613636945397,"{""type"":""MultiPoint"",""coordinates"":[]}"
20201022,2020-10-22,Quang Tri,0.0,"{""type"":""MultiPoint"",""coordinates"":[]}"
20201023,2020-10-23,Quang Tri,0.0,"{""type"":""MultiPoint"",""coordinates"":[]}"
20201024,2020-10-24,Quang Tri,35.62120797716435,"{""type"":""MultiPoint"",""coordinates"":[]}"
20201025,2020-10-25,Quang Tri,58.899545245304935,"{""type"":""MultiPoint"",""coordinates"":[]}"
20201026,2020-10-26,Quang Tri,3.8396656251370676,"{""type"":""MultiPoint"",""coordinates"":[]}"
20201027,2020-10-27,Quang Tri,40.78527725582332,"{""type"":""MultiPoint"",""coordinates"":[]}"
20201028,2020-10-28,Quang Tri,108.50929543499214,"{""type"":""MultiPoint"",""coordinates"":[]}"
20201029,2020-10-29,Quang Tri,5.322621777258761,"{""type"":""MultiPoint"",""coordinates"":[]}"
20201030,2020-10-30,Quang Tri,22.1763799244433,"{""type"":""MultiPoint"",""coordinates"":[]}"
20201031,2020-10-31,Quang Tri,11.591330046963401,"{""type"":""MultiPoint"",""coordinates"":[]}"
20201101,2020-11-01,Quang Tri,0.0,"{""type"":""MultiPoint"",""coordinates"":[]}"
20201102,2020-11-02,Quang Tri,0.0,"{""type"":""MultiPoint"",""coordinates"":[]}"
20201103,2020-11-03,Quang Tri,0.0,"{""type"":""MultiPoint"",""coordinates"":[]}"
20201104,2020-11-04,Quang Tri,0.0,"{""type"":""MultiPoint"",""coordinates"":[]}"
20201105,2020-11-05,Quang Tri,120.26490250000332,"{""type"":""MultiPoint"",""coordinates"":[]}"
20201106,2020-11-06,Quang Tri,81.31706762358334,"{""type"":""MultiPoint"",""coordinates"":[]}"
20201107,2020-11-07,Quang Tri,0.0,"{""type"":""MultiPoint"",""coordinates"":[]}"
20201108,2020-11-08,Quang Tri,0.0,"{""type"":""MultiPoint"",""coordinates"":[]}"
20201109,2020-11-09,Quang Tri,40.134650522449284,"{""type"":""MultiPoint"",""coordinates"":[]}"
20201110,2020-11-10,Quang Tri,2.911252297283684,"{""type"":""MultiPoint"",""coordinates"":[]}"
20201111,2020-11-11,Quang Tri,27.695791190472054,"{""type"":""MultiPoint"",""coordinates"":[]}"
20201112,2020-11-12,Quang Tri,0.0,"{""type"":""MultiPoint"",""coordinates"":[]}"
20201113,2020-11-13,Quang Tri,0.0,"{""type"":""MultiPoint"",""coordinates"":[]}"
20201114,2020-11-14,Quang Tri,0.0,"{""type"":""MultiPoint"",""coordinates"":[]}"
20201115,2020-11-15,Quang Tri,190.37633832933153,"{""type"":""MultiPoint"",""coordinates"":[]}"
20201116,2020-11-16,Quang Tri,0.0,"{""type"":""MultiPoint"",""coordinates"":[]}"
20201117,2020-11-17,Quang Tri,0.0,"{""type"":""MultiPoint"",""coordinates"":[]}"
20201118,2020-11-18,Quang Tri,0.0,"{""type"":""MultiPoint"",""coordinates"":[]}"
20201119,2020-11-19,Quang Tri,0.0,"{""type"":""MultiPoint"",""coordinates"":[]}"
20201120,2020-11-20,Quang Tri,0.0,"{""type"":""MultiPoint"",""coordinates"":[]}"
20201121,2020-11-21,Quang Tri,0.0,"{""type"":""MultiPoint"",""coordinates"":[]}"
20201122,2020-11-22,Quang Tri,0.0,"{""type"":""MultiPoint"",""coordinates"":[]}"
20201123,2020-11-23,Quang Tri,0.0,"{""type"":""MultiPoint"",""coordinates"":[]}"
20201124,2020-11-24,Quang Tri,0.0,"{""type"":""MultiPoint"",""coordinates"":[]}"
20201125,2020-11-25,Quang Tri,0.0,"{""type"":""MultiPoint"",""coordinates"":[]}"
20201126,2020-11-26,Quang Tri,0.0,"{""type"":""MultiPoint"",""coordinates"":[]}"
20201127,2020-11-27,Quang Tri,0.0,"{""type"":""MultiPoint"",""coordinates"":[]}"
20201128,2020-11-28,Quang Tri,0.0,"{""type"":""MultiPoint"",""coordinates"":[]}"
20201129,2020-11-29,Quang Tri,0.0,"{""type"":""MultiPoint"",""coordinates"":[]}"
20201130,2020-11-30,Quang Tri,0.0,"{""type"":""MultiPoint"",""coordinates"":[]}"
20201201,2020-12-01,Quang Tri,8.912143593525904,"{""type"":""MultiPoint"",""coordinates"":[]}"
20201202,2020-12-02,Quang Tri,0.24177356852198797,"{""type"":""MultiPoint"",""coordinates"":[]}"
20201203,2020-12-03,Quang Tri,0.0,"{""type"":""MultiPoint"",""coordinates"":[]}"
20201204,2020-12-04,Quang Tri,0.09043696115475634,"{""type"":""MultiPoint"",""coordinates"":[]}"
20201205,2020-12-05,Quang Tri,0.0035133535432047814,"{""type"":""MultiPoint"",""coordinates"":[]}"
20201206,2020-12-06,Quang Tri,2.5530653499709217,"{""type"":""MultiPoint"",""coordinates"":[]}"
20201207,2020-12-07,Quang Tri,7.497476705689091,"{""type"":""MultiPoint"",""coordinates"":[]}"
20201208,2020-12-08,Quang Tri,3.707528632865412,"{""type"":""MultiPoint"",""coordinates"":[]}"
20201209,2020-12-09,Quang Tri,0.0,"{""type"":""MultiPoint"",""coordinates"":[]}"
20201210,2020-12-10,Quang Tri,1.6434054307482662,"{""type"":""MultiPoint"",""coordinates"":[]}"
20201211,2020-12-11,Quang Tri,0.0,"{""type"":""MultiPoint"",""coordinates"":[]}"
20201212,2020-12-12,Quang Tri,0.0034049172462108494,"{""type"":""MultiPoint"",""coordinates"":[]}"
20201213,2020-12-13,Quang Tri,0.0,"{""type"":""MultiPoint"",""coordinates"":[]}"
20201214,2020-12-14,Quang Tri,6.016823257027036,"{""type"":""MultiPoint"",""coordinates"":[]}"
20201215,2020-12-15,Quang Tri,12.741863163101014,"{""type"":""MultiPoint"",""coordinates"":[]}"
20201216,2020-12-16,Quang Tri,11.927554814707744,"{""type"":""MultiPoint"",""coordinates"":[]}"
20201217,2020-12-17,Quang Tri,7.311530449972077,"{""type"":""MultiPoint"",""coordinates"":[]}"
20201218,2020-12-18,Quang Tri,8.464947182237914,"{""type"":""MultiPoint"",""coordinates"":[]}"
20201219,2020-12-19,Quang Tri,17.03605866490409,"{""type"":""MultiPoint"",""coordinates"":[]}"
20201220,2020-12-20,Quang Tri,18.574030905903417,"{""type"":""MultiPoint"",""coordinates"":[]}"
20201221,2020-12-21,Quang Tri,4.000670196183093,"{""type"":""MultiPoint"",""coordinates"":[]}"
20201222,2020-12-22,Quang Tri,1.526191585705905,"{""type"":""MultiPoint"",""coordinates"":[]}"
20201223,2020-12-23,Quang Tri,0.7004662169417308,"{""type"":""MultiPoint"",""coordinates"":[]}"
20201224,2020-12-24,Quang Tri,7.122785381775622,"{""type"":""MultiPoint"",""coordinates"":[]}"
20201225,2020-12-25,Quang Tri,7.943791983327382,"{""type"":""MultiPoint"",""coordinates"":[]}"
20201226,2020-12-26,Quang Tri,0.0,"{""type"":""MultiPoint"",""coordinates"":[]}"
20201227,2020-12-27,Quang Tri,0.0,"{""type"":""MultiPoint"",""coordinates"":[]}"
20201228,2020-12-28,Quang Tri,0.0,"{""type"":""MultiPoint"",""coordinates"":[]}"
20201229,2020-12-29,Quang Tri,0.0,"{""type"":""MultiPoint"",""coordinates"":[]}"
20201230,2020-12-30,Quang Tri,23.747537078777146,"{""type"":""MultiPoint"",""coordinates"":[]}"
